{"SteeringWheelAngle": {"p1": -1.5761072635650637, "p2": 1.576107382774353, "method": "scaling"}, "steering_wheel_rate": {"p1": -28.28033834695816, "p2": 26.386554837226868, "method": "scaling"}, "YawRate": {"p1": -0.8998019695281982, "p2": 0.9041259288787842, "method": "scaling"}, "yaw_acceleration": {"p1": -10.2084781229496, "p2": 11.31996318697929, "method": "scaling"}, "lateral_jerk": {"p1": -187.9767394065857, "p2": 177.79382228851313, "method": "scaling"}, "VelocityX": {"p1": 0.0, "p2": 27.76002693176269, "method": "minmax_positive"}}